Country,URL,Continent,Income level,Article length (characters),"Most common sentiment, BERT","Sentiment with highest weighted vote, BERT","Sentiment with highest weighted probability, BERT","Weighted probability of negative sentiment, BERT","Weighted probability of neutral sentiment, BERT","Weighted probability of positive sentiment, BERT","Number of paragraphs with negative sentiment, BERT","Number of paragraphs with neutral sentiment, BERT","Number of paragraphs with positive sentiment, BERT","Percent of paragraphs with negative sentiment, BERT","Percent of paragraphs with neutral sentiment, BERT","Percent of paragraphs with positive sentiment, BERT","Most common sentiment, RoBERTa","Sentiment with highest weighted vote, RoBERTa","Sentiment with highest weighted probability, RoBERTa","Weighted probability of negative sentiment, RoBERTa","Weighted probability of neutral sentiment, RoBERTa","Weighted probability of positive sentiment, RoBERTa","Number of paragraphs with negative sentiment, RoBERTa","Number of paragraphs with neutral sentiment, RoBERTa","Number of paragraphs with positive sentiment, RoBERTa","Percent of paragraphs with negative sentiment, RoBERTa","Percent of paragraphs with neutral sentiment, RoBERTa","Percent of paragraphs with positive sentiment, RoBERTa","Most common sentiment, RoBERTuito","Sentiment with highest weighted vote, RoBERTuito","Sentiment with highest weighted probability, RoBERTuito","Weighted probability of negative sentiment, RoBERTuito","Weighted probability of neutral sentiment, RoBERTuito","Weighted probability of positive sentiment, RoBERTuito","Number of paragraphs with negative sentiment, RoBERTuito","Number of paragraphs with neutral sentiment, RoBERTuito","Number of paragraphs with positive sentiment, RoBERTuito","Percent of paragraphs with negative sentiment, RoBERTuito","Percent of paragraphs with neutral sentiment, RoBERTuito","Percent of paragraphs with positive sentiment, RoBERTuito"
Albania,https://en.wikipedia.org/wiki/Albania,Europe,Upper middle,92029,Neutral,Neutral,Neutral,0.2581753,0.446503975,0.295320723,28,74,44,19.17808219,50.68493151,30.1369863,Neutral,Neutral,Neutral,0.088437969,0.639288375,0.272273659,12,99,35,8.219178082,67.80821918,23.97260274,Neutral,Neutral,Neutral,0.074209096,0.610048662,0.315742243,13,86,47,8.904109589,58.90410959,32.19178082
Algeria,https://en.wikipedia.org/wiki/Algeria,Africa,Upper middle,72320,Neutral,Neutral,Neutral,0.33265406,0.485905009,0.181440934,42,100,10,27.63157895,65.78947368,6.578947368,Neutral,Neutral,Neutral,0.136938775,0.699625265,0.163435952,18,122,12,11.84210526,80.26315789,7.894736842,Neutral,Neutral,Neutral,0.132955182,0.674999421,0.192045401,17,111,24,11.18421053,73.02631579,15.78947368
Andorra,https://en.wikipedia.org/wiki/Andorra,Europe,High,58360,Neutral,Neutral,Neutral,0.198673202,0.601746287,0.199580514,8,149,13,4.705882353,87.64705882,7.647058824,Neutral,Neutral,Neutral,0.059218174,0.786476914,0.154304908,3,156,11,1.764705882,91.76470588,6.470588235,Neutral,Neutral,Neutral,0.028761236,0.776452146,0.194786614,1,143,26,0.588235294,84.11764706,15.29411765
Angola,https://en.wikipedia.org/wiki/Angola,Africa,Lower middle,71527,Neutral,Neutral,Neutral,0.376811314,0.466401052,0.156787638,48,111,11,28.23529412,65.29411765,6.470588235,Neutral,Neutral,Neutral,0.179774636,0.697055969,0.123169398,21,135,14,12.35294118,79.41176471,8.235294118,Neutral,Neutral,Neutral,0.170383141,0.683232269,0.146384583,23,126,21,13.52941176,74.11764706,12.35294118
Antigua and Barbuda,https://en.wikipedia.org/wiki/Antigua_and_Barbuda,North America,High,34177,Neutral,Neutral,Neutral,0.278377477,0.535543487,0.186079036,17,54,4,22.66666667,72,5.333333333,Neutral,Neutral,Neutral,0.114204199,0.746359037,0.139436771,9,58,8,12,77.33333333,10.66666667,Neutral,Neutral,Neutral,0.08248079,0.791170434,0.12634877,7,62,6,9.333333333,82.66666667,8
Argentina,https://en.wikipedia.org/wiki/Argentina,South America,Upper middle,88635,Neutral,Neutral,Neutral,0.28948476,0.471257587,0.239257653,37,110,34,20.44198895,60.77348066,18.78453039,Neutral,Neutral,Neutral,0.103168675,0.630599422,0.266231909,9,132,40,4.972375691,72.9281768,22.09944751,Neutral,Neutral,Neutral,0.076323365,0.62979326,0.293883378,9,121,51,4.972375691,66.85082873,28.17679558
Armenia,https://en.wikipedia.org/wiki/Armenia,Asia,Upper middle,81904,Neutral,Neutral,Neutral,0.288692155,0.467370562,0.243937289,37,112,34,20.21857923,61.20218579,18.57923497,Neutral,Neutral,Neutral,0.126540181,0.670058693,0.203401128,18,136,29,9.836065574,74.31693989,15.84699454,Neutral,Neutral,Neutral,0.123863314,0.63880108,0.237335597,18,117,48,9.836065574,63.93442623,26.2295082
Australia,https://en.wikipedia.org/wiki/Australia,Oceania,High,61802,Neutral,Neutral,Neutral,0.257814123,0.526941529,0.215244343,18,88,15,14.87603306,72.72727273,12.39669421,Neutral,Neutral,Neutral,0.079732939,0.706657255,0.213609809,7,95,19,5.785123967,78.51239669,15.70247934,Neutral,Neutral,Neutral,0.045626569,0.732567457,0.221805972,7,91,23,5.785123967,75.20661157,19.00826446
Austria,https://en.wikipedia.org/wiki/Austria,Europe,High,72586,Neutral,Neutral,Neutral,0.294681905,0.49969024,0.205627852,31,113,17,19.25465839,70.1863354,10.55900621,Neutral,Neutral,Neutral,0.115385048,0.714520568,0.170094381,14,126,21,8.695652174,78.26086957,13.04347826,Neutral,Neutral,Neutral,0.085753499,0.752741353,0.161505142,10,133,18,6.211180124,82.60869565,11.18012422
Azerbaijan,https://en.wikipedia.org/wiki/Azerbaijan,Asia,Upper middle,71559,Neutral,Neutral,Neutral,0.237139014,0.502098931,0.260762055,16,100,23,11.51079137,71.94244604,16.54676259,Neutral,Neutral,Neutral,0.093815012,0.699256263,0.206928723,8,110,21,5.755395683,79.13669065,15.10791367,Neutral,Neutral,Neutral,0.071492834,0.721180613,0.207326556,7,109,23,5.035971223,78.41726619,16.54676259
Bahrain,https://en.wikipedia.org/wiki/Bahrain,Asia,High,81331,Neutral,Neutral,Neutral,0.324830758,0.475509108,0.199660132,41,91,22,26.62337662,59.09090909,14.28571429,Neutral,Neutral,Neutral,0.162933486,0.662846897,0.174219624,20,116,18,12.98701299,75.32467532,11.68831169,Neutral,Neutral,Neutral,0.135283799,0.664778961,0.199937241,21,107,26,13.63636364,69.48051948,16.88311688
Bangladesh,https://en.wikipedia.org/wiki/Bangladesh,Asia,Lower middle,69121,Neutral,Neutral,Neutral,0.331287565,0.404060946,0.26465149,36,56,25,30.76923077,47.86324786,21.36752137,Neutral,Neutral,Neutral,0.140874382,0.598202854,0.260922763,15,79,23,12.82051282,67.52136752,19.65811966,Neutral,Neutral,Neutral,0.143710419,0.569366661,0.286922921,15,74,28,12.82051282,63.24786325,23.93162393
Barbados,https://en.wikipedia.org/wiki/Barbados,North America,High,52311,Neutral,Neutral,Neutral,0.266281708,0.565245148,0.168473143,22,95,16,16.54135338,71.42857143,12.03007519,Neutral,Neutral,Neutral,0.093170735,0.739456991,0.167372275,7,110,16,5.263157895,82.70676692,12.03007519,Neutral,Neutral,Neutral,0.066685713,0.753544727,0.17976955,5,108,20,3.759398496,81.20300752,15.03759398
Belarus,https://en.wikipedia.org/wiki/Belarus,Europe,Upper middle,60406,Neutral,Neutral,Neutral,0.399710973,0.478717213,0.121571812,35,75,2,31.25,66.96428571,1.785714286,Neutral,Neutral,Neutral,0.180216639,0.721941056,0.097842303,16,90,6,14.28571429,80.35714286,5.357142857,Neutral,Neutral,Neutral,0.169722767,0.73972347,0.090553761,11,93,8,9.821428571,83.03571429,7.142857143
Belgium,https://en.wikipedia.org/wiki/Belgium,Europe,High,59519,Neutral,Neutral,Neutral,0.232837619,0.504307584,0.262854803,15,81,22,12.71186441,68.6440678,18.6440678,Neutral,Neutral,Neutral,0.084772064,0.706074207,0.209153734,7,95,16,5.93220339,80.50847458,13.55932203,Neutral,Neutral,Neutral,0.056195802,0.697353963,0.246450235,6,84,28,5.084745763,71.18644068,23.72881356
Belize,https://en.wikipedia.org/wiki/Belize,North America,Upper middle,75808,Neutral,Neutral,Neutral,0.248014049,0.536166444,0.215819504,36,130,25,18.84816754,68.06282723,13.08900524,Neutral,Neutral,Neutral,0.092626899,0.693618944,0.213754157,13,148,30,6.806282723,77.48691099,15.70680628,Neutral,Neutral,Neutral,0.071322317,0.698193232,0.230484447,13,147,31,6.806282723,76.96335079,16.23036649
Benin,https://en.wikipedia.org/wiki/Benin,Africa,Lower middle,37009,Neutral,Neutral,Neutral,0.282486833,0.549824393,0.167688776,18,71,3,19.56521739,77.17391304,3.260869565,Neutral,Neutral,Neutral,0.12387123,0.744522248,0.131606531,9,77,6,9.782608696,83.69565217,6.52173913,Neutral,Neutral,Neutral,0.087641109,0.757057874,0.155301023,8,74,10,8.695652174,80.43478261,10.86956522
Bhutan,https://en.wikipedia.org/wiki/Bhutan,Asia,Lower middle,71959,Neutral,Neutral,Neutral,0.306934733,0.492909106,0.200156159,31,97,15,21.67832168,67.83216783,10.48951049,Neutral,Neutral,Neutral,0.118272774,0.700901096,0.180826131,10,115,18,6.993006993,80.41958042,12.58741259,Neutral,Neutral,Neutral,0.105485182,0.691318495,0.20319633,8,110,25,5.594405594,76.92307692,17.48251748
Bolivia,https://en.wikipedia.org/wiki/Bolivia,South America,Lower middle,76665,Neutral,Neutral,Neutral,0.323104716,0.499266217,0.177629068,35,103,18,22.43589744,66.02564103,11.53846154,Neutral,Neutral,Neutral,0.129399954,0.697705077,0.172894974,15,119,22,9.615384615,76.28205128,14.1025641,Neutral,Neutral,Neutral,0.11204934,0.663776627,0.224174035,14,109,33,8.974358974,69.87179487,21.15384615
Bosnia and Herzegovina,https://en.wikipedia.org/wiki/Bosnia_and_Herzegovina,Europe,Upper middle,84471,Neutral,Neutral,Neutral,0.269245976,0.484294202,0.246459823,31,118,28,17.51412429,66.66666667,15.81920904,Neutral,Neutral,Neutral,0.127446343,0.694555214,0.177998443,12,138,27,6.779661017,77.96610169,15.25423729,Neutral,Neutral,Neutral,0.103126206,0.692855014,0.204018777,11,130,36,6.214689266,73.44632768,20.33898305
Botswana,https://en.wikipedia.org/wiki/Botswana,Africa,Upper middle,48030,Neutral,Neutral,Neutral,0.290507422,0.504615936,0.204876627,20,62,10,21.73913043,67.39130435,10.86956522,Neutral,Neutral,Neutral,0.095544614,0.690605125,0.213850261,8,74,10,8.695652174,80.43478261,10.86956522,Neutral,Neutral,Neutral,0.062957247,0.679257122,0.257785631,5,70,17,5.434782609,76.08695652,18.47826087
Brazil,https://en.wikipedia.org/wiki/Brazil,South America,Upper middle,84379,Neutral,Neutral,Neutral,0.269922947,0.486485655,0.243591395,29,109,21,18.23899371,68.55345912,13.20754717,Neutral,Neutral,Neutral,0.111404121,0.628904374,0.259691508,14,114,31,8.805031447,71.69811321,19.49685535,Neutral,Neutral,Neutral,0.08495262,0.648610967,0.266436417,11,112,36,6.918238994,70.44025157,22.64150943
Brunei,https://en.wikipedia.org/wiki/Brunei,Asia,High,51250,Neutral,Neutral,Neutral,0.297555738,0.529286233,0.173158019,27,92,11,20.76923077,70.76923077,8.461538462,Neutral,Neutral,Neutral,0.121699027,0.760682999,0.117617977,13,109,8,10,83.84615385,6.153846154,Neutral,Neutral,Neutral,0.110327542,0.764355841,0.125316611,12,107,11,9.230769231,82.30769231,8.461538462
Bulgaria,https://en.wikipedia.org/wiki/Bulgaria,Europe,High,61665,Neutral,Neutral,Neutral,0.352399552,0.423400547,0.224199895,28,42,13,33.73493976,50.60240964,15.6626506,Neutral,Neutral,Neutral,0.174621357,0.637468534,0.187910102,14,60,9,16.86746988,72.28915663,10.84337349,Neutral,Neutral,Neutral,0.137515773,0.665925506,0.196558723,10,61,12,12.04819277,73.4939759,14.45783133
Burkina Faso,https://en.wikipedia.org/wiki/Burkina_Faso,Africa,Low,72057,Neutral,Neutral,Neutral,0.398696929,0.438782872,0.162520201,63,96,17,35.79545455,54.54545455,9.659090909,Neutral,Neutral,Neutral,0.229711363,0.641711443,0.128577191,42,119,15,23.86363636,67.61363636,8.522727273,Neutral,Neutral,Neutral,0.233496197,0.624100628,0.142403167,38,115,23,21.59090909,65.34090909,13.06818182
Burundi,https://en.wikipedia.org/wiki/Burundi,Africa,Low,51744,Neutral,Neutral,Negative,0.429211649,0.428494254,0.142294093,43,71,6,35.83333333,59.16666667,5,Neutral,Neutral,Neutral,0.239470013,0.661779795,0.098750197,25,88,7,20.83333333,73.33333333,5.833333333,Neutral,Neutral,Neutral,0.255906987,0.646023266,0.098069749,29,81,10,24.16666667,67.5,8.333333333
Cambodia,https://en.wikipedia.org/wiki/Cambodia,Asia,Lower middle,56573,Neutral,Neutral,Neutral,0.358803145,0.479085674,0.162111186,43,83,8,32.08955224,61.94029851,5.970149254,Neutral,Neutral,Neutral,0.220539693,0.64372542,0.13573489,31,94,9,23.13432836,70.14925373,6.71641791,Neutral,Neutral,Neutral,0.213765243,0.620021535,0.166213219,29,90,15,21.64179104,67.1641791,11.19402985
Cameroon,https://en.wikipedia.org/wiki/Cameroon,Africa,Lower middle,48299,Neutral,Neutral,Neutral,0.372618726,0.468046167,0.159335115,34,69,7,30.90909091,62.72727273,6.363636364,Neutral,Neutral,Neutral,0.204917262,0.670758367,0.124324372,22,82,6,20,74.54545455,5.454545455,Neutral,Neutral,Neutral,0.191073438,0.687609713,0.121316842,19,81,10,17.27272727,73.63636364,9.090909091
Canada,https://en.wikipedia.org/wiki/Canada,North America,High,66279,Neutral,Neutral,Neutral,0.265892785,0.492924372,0.241182848,18,68,16,17.64705882,66.66666667,15.68627451,Neutral,Neutral,Neutral,0.057768364,0.702605084,0.239626554,2,84,16,1.960784314,82.35294118,15.68627451,Neutral,Neutral,Neutral,0.045852062,0.6633097,0.290838237,3,75,24,2.941176471,73.52941176,23.52941176
Cape Verde,https://en.wikipedia.org/wiki/Cape_Verde,Africa,Upper middle,42240,Neutral,Neutral,Neutral,0.204109472,0.558754362,0.237136153,9,70,17,9.375,72.91666667,17.70833333,Neutral,Neutral,Neutral,0.055786923,0.691162607,0.253050475,3,79,14,3.125,82.29166667,14.58333333,Neutral,Neutral,Neutral,0.043950697,0.704838086,0.251211226,3,73,20,3.125,76.04166667,20.83333333
Central African Republic,https://en.wikipedia.org/wiki/Central_African_Republic,Africa,Low,41920,Neutral,Neutral,Neutral,0.42772687,0.461276823,0.1109963,36,65,2,34.95145631,63.10679612,1.941747573,Neutral,Neutral,Neutral,0.208003195,0.718641656,0.073355148,16,84,3,15.53398058,81.55339806,2.912621359,Neutral,Neutral,Neutral,0.210912104,0.696263815,0.092824074,16,80,7,15.53398058,77.66990291,6.796116505
Chad,https://en.wikipedia.org/wiki/Chad,Africa,Low,41818,Neutral,Neutral,Negative,0.458872257,0.402582652,0.138545089,35,45,6,40.69767442,52.3255814,6.976744186,Neutral,Neutral,Neutral,0.254250557,0.655988367,0.089761083,22,58,6,25.58139535,67.44186047,6.976744186,Neutral,Neutral,Neutral,0.215520409,0.679483833,0.104995755,13,67,6,15.11627907,77.90697674,6.976744186
Chile,https://en.wikipedia.org/wiki/Chile,South America,High,86389,Neutral,Neutral,Neutral,0.260872305,0.502907304,0.236220384,31,115,29,17.71428571,65.71428571,16.57142857,Neutral,Neutral,Neutral,0.087227785,0.677853083,0.23491913,11,134,30,6.285714286,76.57142857,17.14285714,Neutral,Neutral,Neutral,0.062355345,0.666315548,0.271329105,9,127,39,5.142857143,72.57142857,22.28571429
China,https://en.wikipedia.org/wiki/China,Asia,Upper middle,88042,Neutral,Neutral,Neutral,0.329663524,0.457738131,0.212598345,41,71,14,32.53968254,56.34920635,11.11111111,Neutral,Neutral,Neutral,0.11134746,0.607211653,0.281440891,8,89,29,6.349206349,70.63492063,23.01587302,Neutral,Neutral,Neutral,0.103039943,0.605438355,0.291521703,10,78,38,7.936507937,61.9047619,30.15873016
Colombia,https://en.wikipedia.org/wiki/Colombia,South America,Upper middle,77872,Neutral,Neutral,Neutral,0.209006027,0.528125465,0.262868511,15,98,28,10.63829787,69.5035461,19.85815603,Neutral,Neutral,Neutral,0.060399242,0.68173629,0.257864467,5,105,31,3.546099291,74.46808511,21.9858156,Neutral,Neutral,Neutral,0.035517977,0.680012776,0.28446925,3,100,38,2.127659574,70.92198582,26.95035461
Comoros,https://en.wikipedia.org/wiki/Comoros,Africa,Lower middle,39961,Neutral,Neutral,Neutral,0.331309153,0.510506239,0.158184599,25,58,5,28.40909091,65.90909091,5.681818182,Neutral,Neutral,Neutral,0.130989848,0.782726471,0.086283685,11,76,1,12.5,86.36363636,1.136363636,Neutral,Neutral,Neutral,0.116787996,0.791322799,0.09188919,10,74,4,11.36363636,84.09090909,4.545454545
Costa Rica,https://en.wikipedia.org/wiki/Costa_Rica,North America,High,48260,Neutral,Neutral,Neutral,0.212395444,0.519543347,0.268061215,10,81,23,8.771929825,71.05263158,20.1754386,Neutral,Neutral,Neutral,0.052467283,0.657053951,0.290478767,1,91,22,0.877192982,79.8245614,19.29824561,Neutral,Neutral,Neutral,0.032513505,0.628022688,0.33946381,2,82,30,1.754385965,71.92982456,26.31578947
Croatia,https://en.wikipedia.org/wiki/Croatia,Europe,High,73277,Neutral,Neutral,Neutral,0.244673064,0.494262464,0.261064472,22,91,23,16.17647059,66.91176471,16.91176471,Neutral,Neutral,Neutral,0.095703025,0.699683262,0.20461371,11,111,14,8.088235294,81.61764706,10.29411765,Neutral,Neutral,Neutral,0.070263916,0.711946792,0.217789293,8,103,25,5.882352941,75.73529412,18.38235294
Cuba,https://en.wikipedia.org/wiki/Cuba,North America,Upper middle,86319,Neutral,Neutral,Neutral,0.400509533,0.435233538,0.164256931,54,104,8,32.53012048,62.65060241,4.819277108,Neutral,Neutral,Neutral,0.16450538,0.699014056,0.136480563,22,133,11,13.25301205,80.12048193,6.626506024,Neutral,Neutral,Neutral,0.155598423,0.663575559,0.180826019,23,119,24,13.85542169,71.68674699,14.45783133
Cyprus,https://en.wikipedia.org/wiki/Cyprus,Asia,High,73818,Neutral,Neutral,Neutral,0.293950602,0.525916995,0.18013241,27,126,16,15.97633136,74.55621302,9.467455621,Neutral,Neutral,Neutral,0.132224584,0.724915951,0.14285947,12,141,16,7.100591716,83.43195266,9.467455621,Neutral,Neutral,Neutral,0.097070751,0.761666459,0.141262792,12,141,16,7.100591716,83.43195266,9.467455621
Czech Republic,https://en.wikipedia.org/wiki/Czech_Republic,Europe,High,61823,Neutral,Neutral,Neutral,0.237925071,0.536991135,0.225083792,15,121,15,9.933774834,80.13245033,9.933774834,Neutral,Neutral,Neutral,0.06032964,0.72454712,0.215123241,5,123,23,3.311258278,81.45695364,15.23178808,Neutral,Neutral,Neutral,0.046054019,0.699334727,0.254611254,5,116,30,3.311258278,76.82119205,19.86754967
Democratic Republic of the Congo,https://en.wikipedia.org/wiki/Democratic_Republic_of_the_Congo,Africa,Low,83779,Neutral,Negative,Neutral,0.418341128,0.431263487,0.150395383,61,89,10,38.125,55.625,6.25,Neutral,Neutral,Neutral,0.193628388,0.679641989,0.126729623,30,122,8,18.75,76.25,5,Neutral,Neutral,Neutral,0.207799278,0.647958405,0.144242311,33,110,17,20.625,68.75,10.625
Denmark,https://en.wikipedia.org/wiki/Denmark,Europe,High,82769,Neutral,Neutral,Neutral,0.251038186,0.48539692,0.263564881,20,95,31,13.69863014,65.06849315,21.23287671,Neutral,Neutral,Neutral,0.059570149,0.671054163,0.269375687,2,107,37,1.369863014,73.28767123,25.34246575,Neutral,Neutral,Neutral,0.027531585,0.65071173,0.32175668,2,94,50,1.369863014,64.38356164,34.24657534
Djibouti,https://en.wikipedia.org/wiki/Djibouti,Africa,Lower middle,78513,Neutral,Neutral,Neutral,0.276537596,0.524444327,0.199018077,22,103,13,15.94202899,74.63768116,9.420289855,Neutral,Neutral,Neutral,0.110116928,0.75348854,0.136394536,8,121,9,5.797101449,87.68115942,6.52173913,Neutral,Neutral,Neutral,0.087851621,0.757591322,0.154557054,6,118,14,4.347826087,85.50724638,10.14492754
Dominica,https://en.wikipedia.org/wiki/Dominica,North America,Upper middle,48367,Neutral,Neutral,Neutral,0.301259634,0.541270633,0.157469734,20,80,7,18.69158879,74.76635514,6.542056075,Neutral,Neutral,Neutral,0.135977921,0.692095385,0.171926699,9,88,10,8.411214953,82.24299065,9.345794393,Neutral,Neutral,Neutral,0.131142004,0.680751788,0.188106214,10,79,18,9.345794393,73.8317757,16.82242991
Dominican Republic,https://en.wikipedia.org/wiki/Dominican_Republic,North America,Upper middle,86715,Neutral,Neutral,Neutral,0.325648105,0.477660147,0.19669175,49,103,23,28,58.85714286,13.14285714,Neutral,Neutral,Neutral,0.148065882,0.667571552,0.184362564,21,132,22,12,75.42857143,12.57142857,Neutral,Neutral,Neutral,0.126950537,0.673325881,0.199723578,22,125,28,12.57142857,71.42857143,16
Ecuador,https://en.wikipedia.org/wiki/Ecuador,South America,Upper middle,84501,Neutral,Neutral,Neutral,0.320240465,0.488352885,0.191406648,40,113,22,22.85714286,64.57142857,12.57142857,Neutral,Neutral,Neutral,0.119078633,0.710973643,0.169947721,14,140,21,8,80,12,Neutral,Neutral,Neutral,0.106958969,0.685447813,0.207593217,14,136,25,8,77.71428571,14.28571429
Egypt,https://en.wikipedia.org/wiki/Egypt,Africa,Lower middle,99724,Neutral,Neutral,Neutral,0.261936979,0.45951939,0.278543636,40,118,46,19.60784314,57.84313725,22.54901961,Neutral,Neutral,Neutral,0.101966111,0.582768491,0.315265398,20,129,55,9.803921569,63.23529412,26.96078431,Neutral,Neutral,Neutral,0.093893435,0.57262712,0.333479451,20,120,64,9.803921569,58.82352941,31.37254902
El Salvador,https://en.wikipedia.org/wiki/El_Salvador,North America,Upper middle,75843,Neutral,Neutral,Neutral,0.360025846,0.480743109,0.159231043,55,103,9,32.93413174,61.67664671,5.389221557,Neutral,Neutral,Neutral,0.175650468,0.67135114,0.15299839,28,128,11,16.76646707,76.64670659,6.586826347,Neutral,Neutral,Neutral,0.160374319,0.679975714,0.159649969,29,121,17,17.36526946,72.45508982,10.17964072
Equatorial Guinea,https://en.wikipedia.org/wiki/Equatorial_Guinea,Africa,Upper middle,47809,Neutral,Neutral,Neutral,0.371571575,0.491864262,0.136564167,33,56,6,34.73684211,58.94736842,6.315789474,Neutral,Neutral,Neutral,0.156761714,0.730076042,0.113162239,9,81,5,9.473684211,85.26315789,5.263157895,Neutral,Neutral,Neutral,0.168264132,0.711356953,0.120378909,14,71,10,14.73684211,74.73684211,10.52631579
Eritrea,https://en.wikipedia.org/wiki/Eritrea,Africa,Low,69183,Neutral,Neutral,Neutral,0.296602432,0.511031936,0.192365634,29,119,16,17.68292683,72.56097561,9.756097561,Neutral,Neutral,Neutral,0.153650315,0.695150646,0.15119904,19,130,15,11.58536585,79.26829268,9.146341463,Neutral,Neutral,Neutral,0.126585228,0.698053913,0.175360862,18,120,26,10.97560976,73.17073171,15.85365854
Estonia,https://en.wikipedia.org/wiki/Estonia,Europe,High,87324,Neutral,Neutral,Neutral,0.24022747,0.462983193,0.296789334,21,90,36,14.28571429,61.2244898,24.48979592,Neutral,Neutral,Neutral,0.07660406,0.656046886,0.267349062,4,111,32,2.721088435,75.51020408,21.76870748,Neutral,Neutral,Neutral,0.048305984,0.616899702,0.334794314,5,91,51,3.401360544,61.9047619,34.69387755
Eswatini,https://en.wikipedia.org/wiki/Eswatini,Africa,Lower middle,44382,Neutral,Neutral,Neutral,0.28002333,0.554858594,0.165118076,12,61,5,15.38461538,78.20512821,6.41025641,Neutral,Neutral,Neutral,0.09645121,0.78804501,0.115503775,5,72,1,6.41025641,92.30769231,1.282051282,Neutral,Neutral,Neutral,0.088742044,0.784939611,0.126318343,6,65,7,7.692307692,83.33333333,8.974358974
Ethiopia,https://en.wikipedia.org/wiki/Ethiopia,Africa,Low,86450,Neutral,Neutral,Neutral,0.335959445,0.477216417,0.186824141,45,99,17,27.95031056,61.49068323,10.55900621,Neutral,Neutral,Neutral,0.122979025,0.684960244,0.192060725,17,119,25,10.55900621,73.91304348,15.52795031,Neutral,Neutral,Neutral,0.108640348,0.691645525,0.199714119,15,117,29,9.316770186,72.67080745,18.01242236
Federated States of Micronesia,https://en.wikipedia.org/wiki/Federated_States_of_Micronesia,Oceania,Lower middle,20158,Neutral,Neutral,Neutral,0.234075981,0.635358311,0.13056571,8,60,2,11.42857143,85.71428571,2.857142857,Neutral,Neutral,Neutral,0.051802237,0.835197493,0.113000288,2,68,0,2.857142857,97.14285714,0,Neutral,Neutral,Neutral,0.043028345,0.856675332,0.100296327,2,67,1,2.857142857,95.71428571,1.428571429
Fiji,https://en.wikipedia.org/wiki/Fiji,Oceania,Upper middle,80041,Neutral,Negative,Neutral,0.376946282,0.448161776,0.174891944,43,83,15,30.4964539,58.86524823,10.63829787,Neutral,Neutral,Neutral,0.160229557,0.697269276,0.14250117,10,114,17,7.092198582,80.85106383,12.05673759,Neutral,Neutral,Neutral,0.164973154,0.685158551,0.149868289,14,106,21,9.929078014,75.17730496,14.89361702
Finland,https://en.wikipedia.org/wiki/Finland,Europe,High,81267,Neutral,Neutral,Neutral,0.248595712,0.489152425,0.262251861,19,106,34,11.94968553,66.66666667,21.3836478,Neutral,Neutral,Neutral,0.071412126,0.690616638,0.237971236,5,125,29,3.144654088,78.6163522,18.23899371,Neutral,Neutral,Neutral,0.057697294,0.64842683,0.293875874,6,109,44,3.773584906,68.55345912,27.67295597
France,https://en.wikipedia.org/wiki/France,Europe,High,87969,Neutral,Neutral,Neutral,0.268710371,0.449784198,0.281505428,32,80,36,21.62162162,54.05405405,24.32432432,Neutral,Neutral,Neutral,0.076486574,0.65143326,0.272080163,8,108,32,5.405405405,72.97297297,21.62162162,Neutral,Neutral,Neutral,0.039953486,0.627812971,0.33223354,6,97,45,4.054054054,65.54054054,30.40540541
Gabon,https://en.wikipedia.org/wiki/Gabon,Africa,Upper middle,36844,Neutral,Neutral,Neutral,0.352076027,0.484967548,0.162956428,23,58,8,25.84269663,65.16853933,8.988764045,Neutral,Neutral,Neutral,0.155798733,0.722608447,0.121592819,8,75,6,8.988764045,84.26966292,6.741573034,Neutral,Neutral,Neutral,0.182569847,0.66446177,0.152968393,15,65,9,16.85393258,73.03370787,10.11235955
Georgia (country),https://en.wikipedia.org/wiki/Georgia_(country),Asia,Upper middle,88022,Neutral,Neutral,Neutral,0.345977579,0.454332446,0.199689975,47,91,20,29.74683544,57.59493671,12.65822785,Neutral,Neutral,Neutral,0.179411316,0.653354041,0.167234646,24,117,17,15.18987342,74.05063291,10.75949367,Neutral,Neutral,Neutral,0.143359542,0.668428024,0.188212436,20,114,24,12.65822785,72.15189873,15.18987342
Germany,https://en.wikipedia.org/wiki/Germany,Europe,High,54986,Neutral,Neutral,Neutral,0.252428234,0.474470569,0.273101196,16,60,23,16.16161616,60.60606061,23.23232323,Neutral,Neutral,Neutral,0.084014794,0.632171865,0.283813343,5,67,27,5.050505051,67.67676768,27.27272727,Neutral,Neutral,Neutral,0.049412029,0.63992248,0.310665485,5,65,29,5.050505051,65.65656566,29.29292929
Ghana,https://en.wikipedia.org/wiki/Ghana,Africa,Lower middle,49090,Neutral,Neutral,Neutral,0.216117629,0.513913695,0.269968672,13,62,16,14.28571429,68.13186813,17.58241758,Neutral,Neutral,Neutral,0.086598846,0.697091107,0.216310042,6,72,13,6.593406593,79.12087912,14.28571429,Neutral,Neutral,Neutral,0.052103019,0.732078424,0.215818552,3,70,18,3.296703297,76.92307692,19.78021978
Greece,https://en.wikipedia.org/wiki/Greece,Europe,High,93308,Neutral,Neutral,Neutral,0.27567331,0.471841338,0.252485351,34,108,33,19.42857143,61.71428571,18.85714286,Neutral,Neutral,Neutral,0.092285004,0.67827526,0.229439744,8,134,33,4.571428571,76.57142857,18.85714286,Neutral,Neutral,Neutral,0.058927119,0.685689951,0.255382928,8,124,43,4.571428571,70.85714286,24.57142857
Grenada,https://en.wikipedia.org/wiki/Grenada,North America,Upper middle,37071,Neutral,Neutral,Neutral,0.299739048,0.545459895,0.154801049,16,70,8,17.0212766,74.46808511,8.510638298,Neutral,Neutral,Neutral,0.121772885,0.76601613,0.11221099,7,79,8,7.446808511,84.04255319,8.510638298,Neutral,Neutral,Neutral,0.080966942,0.773163675,0.145869393,5,77,12,5.319148936,81.91489362,12.76595745
Guatemala,https://en.wikipedia.org/wiki/Guatemala,North America,Upper middle,82635,Neutral,Neutral,Neutral,0.391511731,0.439008212,0.169480055,61,102,13,34.65909091,57.95454545,7.386363636,Neutral,Neutral,Neutral,0.213093155,0.647749522,0.139157321,34,125,17,19.31818182,71.02272727,9.659090909,Neutral,Neutral,Neutral,0.224106923,0.601388086,0.174504993,33,115,28,18.75,65.34090909,15.90909091
Guinea,https://en.wikipedia.org/wiki/Guinea,Africa,Lower middle,39297,Neutral,Neutral,Neutral,0.423619479,0.461581418,0.114799108,32,62,2,33.33333333,64.58333333,2.083333333,Neutral,Neutral,Neutral,0.254450207,0.662088502,0.08346129,19,75,2,19.79166667,78.125,2.083333333,Neutral,Neutral,Neutral,0.249051267,0.674545175,0.076403546,18,75,3,18.75,78.125,3.125
Guinea-Bissau,https://en.wikipedia.org/wiki/Guinea-Bissau,Africa,Low,34752,Neutral,Neutral,Neutral,0.33669882,0.518034923,0.145266261,21,65,5,23.07692308,71.42857143,5.494505495,Neutral,Neutral,Neutral,0.196187272,0.709790918,0.094021809,16,70,5,17.58241758,76.92307692,5.494505495,Neutral,Neutral,Neutral,0.178532805,0.728458439,0.09300876,13,73,5,14.28571429,80.21978022,5.494505495
Guyana,https://en.wikipedia.org/wiki/Guyana,South America,High,40856,Neutral,Neutral,Neutral,0.236784274,0.561892222,0.201323501,16,96,12,12.90322581,77.41935484,9.677419355,Neutral,Neutral,Neutral,0.075948855,0.72501402,0.199037133,4,101,19,3.225806452,81.4516129,15.32258065,Neutral,Neutral,Neutral,0.051225753,0.739654593,0.209119657,4,100,20,3.225806452,80.64516129,16.12903226
Haiti,https://en.wikipedia.org/wiki/Haiti,North America,Lower middle,91476,Neutral,Negative,Negative,0.437012872,0.418098903,0.14488823,76,123,10,36.36363636,58.85167464,4.784688995,Neutral,Neutral,Neutral,0.244997211,0.654566159,0.100436631,39,162,8,18.66028708,77.51196172,3.827751196,Neutral,Neutral,Neutral,0.250014787,0.619851601,0.130133608,41,148,20,19.61722488,70.81339713,9.56937799
Honduras,https://en.wikipedia.org/wiki/Honduras,North America,Lower middle,63434,Neutral,Neutral,Neutral,0.374771552,0.447053715,0.17817473,49,81,14,34.02777778,56.25,9.722222222,Neutral,Neutral,Neutral,0.218503623,0.63851372,0.142982657,28,100,16,19.44444444,69.44444444,11.11111111,Neutral,Neutral,Neutral,0.166275243,0.667206089,0.166518662,19,108,17,13.19444444,75,11.80555556
Hungary,https://en.wikipedia.org/wiki/Hungary,Europe,High,83530,Neutral,Neutral,Neutral,0.30332952,0.428072813,0.268597661,30,69,21,25,57.5,17.5,Neutral,Neutral,Neutral,0.133532719,0.642467857,0.223999429,13,91,16,10.83333333,75.83333333,13.33333333,Neutral,Neutral,Neutral,0.091769541,0.623418851,0.284811608,8,83,29,6.666666667,69.16666667,24.16666667
Iceland,https://en.wikipedia.org/wiki/Iceland,Europe,High,81169,Neutral,Neutral,Neutral,0.282144369,0.496237959,0.221617679,24,107,25,15.38461538,68.58974359,16.02564103,Neutral,Neutral,Neutral,0.074135077,0.654285145,0.271579776,8,117,31,5.128205128,75,19.87179487,Neutral,Neutral,Neutral,0.074213626,0.645455481,0.280330898,9,110,37,5.769230769,70.51282051,23.71794872
India,https://en.wikipedia.org/wiki/India,Asia,Lower middle,59440,Neutral,Neutral,Neutral,0.321491193,0.473705483,0.204803325,25,53,10,28.40909091,60.22727273,11.36363636,Neutral,Neutral,Neutral,0.088159416,0.718728564,0.193112018,7,69,12,7.954545455,78.40909091,13.63636364,Neutral,Neutral,Neutral,0.037142614,0.726766573,0.23609081,3,68,17,3.409090909,77.27272727,19.31818182
Indonesia,https://en.wikipedia.org/wiki/Indonesia,Asia,Upper middle,55062,Neutral,Neutral,Neutral,0.264741346,0.466277204,0.268981451,20,67,15,19.60784314,65.68627451,14.70588235,Neutral,Neutral,Neutral,0.095115228,0.628104356,0.276780416,8,74,20,7.843137255,72.54901961,19.60784314,Neutral,Neutral,Neutral,0.085441802,0.62799092,0.286567273,8,71,23,7.843137255,69.60784314,22.54901961
Iran,https://en.wikipedia.org/wiki/Iran,Asia,Upper middle,85086,Neutral,Neutral,Neutral,0.306825191,0.449420275,0.243754534,41,98,29,24.4047619,58.33333333,17.26190476,Neutral,Neutral,Neutral,0.149837249,0.640217766,0.209944987,17,126,25,10.11904762,75,14.88095238,Neutral,Neutral,Neutral,0.127376887,0.616188954,0.256434157,19,111,38,11.30952381,66.07142857,22.61904762
Iraq,https://en.wikipedia.org/wiki/Iraq,Asia,Upper middle,78691,Neutral,Neutral,Neutral,0.365997892,0.450073729,0.183928377,39,76,14,30.23255814,58.91472868,10.85271318,Neutral,Neutral,Neutral,0.193576771,0.656154319,0.150268913,15,100,14,11.62790698,77.51937984,10.85271318,Neutral,Neutral,Neutral,0.140706455,0.711738168,0.147555377,10,108,11,7.751937984,83.72093023,8.527131783
Islamic Republic of Afghanistan,https://en.wikipedia.org/wiki/Islamic_Republic_of_Afghanistan,Asia,Low,25029,Neutral,Neutral,Neutral,0.404090138,0.462794155,0.133115722,18,37,2,31.57894737,64.9122807,3.50877193,Neutral,Neutral,Neutral,0.206833594,0.715489637,0.077676759,9,45,3,15.78947368,78.94736842,5.263157895,Neutral,Neutral,Neutral,0.218593919,0.691185979,0.0902201,11,43,3,19.29824561,75.43859649,5.263157895
Israel,https://en.wikipedia.org/wiki/Israel,Asia,High,94080,Neutral,Neutral,Neutral,0.390397708,0.433024765,0.176577524,49,80,15,34.02777778,55.55555556,10.41666667,Neutral,Neutral,Neutral,0.208680506,0.619434401,0.171885088,25,99,20,17.36111111,68.75,13.88888889,Neutral,Neutral,Neutral,0.134232373,0.705109323,0.1606583,17,107,20,11.80555556,74.30555556,13.88888889
Italy,https://en.wikipedia.org/wiki/Italy,Europe,High,91885,Neutral,Neutral,Neutral,0.222712725,0.458979064,0.318308214,32,93,51,18.18181818,52.84090909,28.97727273,Neutral,Neutral,Neutral,0.088268562,0.62269965,0.289031784,18,117,41,10.22727273,66.47727273,23.29545455,Neutral,Neutral,Neutral,0.067215558,0.581097703,0.351686737,11,111,54,6.25,63.06818182,30.68181818
Ivory Coast,https://en.wikipedia.org/wiki/Ivory_Coast,Africa,Lower middle,53048,Neutral,Neutral,Neutral,0.366264706,0.443810035,0.189925256,27,58,8,29.03225806,62.3655914,8.602150538,Neutral,Neutral,Neutral,0.178426708,0.660750214,0.16082308,10,75,8,10.75268817,80.64516129,8.602150538,Neutral,Neutral,Neutral,0.179064032,0.628406177,0.192529784,11,69,13,11.82795699,74.19354839,13.97849462
Jamaica,https://en.wikipedia.org/wiki/Jamaica,North America,Upper middle,75837,Neutral,Neutral,Neutral,0.302650421,0.503647206,0.193702371,31,97,16,21.52777778,67.36111111,11.11111111,Neutral,Neutral,Neutral,0.123320343,0.654760211,0.221919447,16,109,19,11.11111111,75.69444444,13.19444444,Neutral,Neutral,Neutral,0.13385426,0.622367311,0.243778432,18,97,29,12.5,67.36111111,20.13888889
Japan,https://en.wikipedia.org/wiki/Japan,Asia,High,51085,Neutral,Neutral,Neutral,0.297325712,0.453573186,0.249101099,27,49,17,29.03225806,52.68817204,18.27956989,Neutral,Neutral,Neutral,0.07762803,0.702922028,0.219449938,5,73,15,5.376344086,78.49462366,16.12903226,Neutral,Neutral,Neutral,0.054473886,0.71479319,0.230732926,3,75,15,3.225806452,80.64516129,16.12903226
Jordan,https://en.wikipedia.org/wiki/Jordan,Asia,Lower middle,70865,Neutral,Neutral,Neutral,0.290621382,0.45456531,0.254813307,22,78,24,17.74193548,62.90322581,19.35483871,Neutral,Neutral,Neutral,0.108070445,0.676108664,0.215820889,9,95,20,7.258064516,76.61290323,16.12903226,Neutral,Neutral,Neutral,0.071442177,0.674136317,0.254421509,5,91,28,4.032258065,73.38709677,22.58064516
Kazakhstan,https://en.wikipedia.org/wiki/Kazakhstan,Asia,Upper middle,97848,Neutral,Neutral,Neutral,0.267059134,0.509276459,0.22366441,35,167,21,15.69506726,74.88789238,9.417040359,Neutral,Neutral,Neutral,0.083024523,0.700041686,0.216933787,9,188,26,4.035874439,84.30493274,11.65919283,Neutral,Neutral,Neutral,0.078873086,0.687765602,0.233361313,14,172,37,6.278026906,77.13004484,16.59192825
Kenya,https://en.wikipedia.org/wiki/Kenya,Africa,Lower middle,80088,Neutral,Neutral,Neutral,0.30604814,0.487267787,0.206684065,46,121,26,23.83419689,62.69430052,13.47150259,Neutral,Neutral,Neutral,0.111593439,0.666388924,0.222017641,17,146,30,8.808290155,75.64766839,15.54404145,Neutral,Neutral,Neutral,0.118378797,0.644471853,0.237149355,19,132,42,9.844559585,68.39378238,21.76165803
Kiribati,https://en.wikipedia.org/wiki/Kiribati,Oceania,Lower middle,58283,Neutral,Neutral,Neutral,0.327577956,0.549908549,0.122513494,37,106,2,25.51724138,73.10344828,1.379310345,Neutral,Neutral,Neutral,0.13946743,0.762331081,0.098201491,13,127,5,8.965517241,87.5862069,3.448275862,Neutral,Neutral,Neutral,0.127720475,0.765824552,0.106454972,13,125,7,8.965517241,86.20689655,4.827586207
Kosovo,https://en.wikipedia.org/wiki/Kosovo,Europe,Upper middle,86118,Neutral,Neutral,Neutral,0.306724287,0.476854885,0.216420835,37,98,18,24.18300654,64.05228758,11.76470588,Neutral,Neutral,Neutral,0.13686289,0.696541639,0.166595478,19,117,17,12.41830065,76.47058824,11.11111111,Neutral,Neutral,Neutral,0.122727605,0.707400958,0.169871434,16,119,18,10.45751634,77.77777778,11.76470588
Kuwait,https://en.wikipedia.org/wiki/Kuwait,Asia,High,76886,Neutral,Neutral,Neutral,0.296101945,0.477186051,0.226712008,39,100,24,23.92638037,61.34969325,14.72392638,Neutral,Neutral,Neutral,0.164162853,0.608659236,0.227177907,28,101,34,17.17791411,61.96319018,20.85889571,Neutral,Neutral,Neutral,0.147532186,0.620026713,0.232441102,24,101,38,14.72392638,61.96319018,23.31288344
Kyrgyzstan,https://en.wikipedia.org/wiki/Kyrgyzstan,Asia,Lower middle,58200,Neutral,Neutral,Neutral,0.327345157,0.508434803,0.16422005,35,102,15,23.02631579,67.10526316,9.868421053,Neutral,Neutral,Neutral,0.15130741,0.703560045,0.145132543,16,119,17,10.52631579,78.28947368,11.18421053,Neutral,Neutral,Neutral,0.163620942,0.676031558,0.1603475,17,113,22,11.18421053,74.34210526,14.47368421
Laos,https://en.wikipedia.org/wiki/Laos,Asia,Lower middle,32853,Neutral,Neutral,Neutral,0.318674641,0.501321832,0.180003525,16,54,5,21.33333333,72,6.666666667,Neutral,Neutral,Neutral,0.152936679,0.713303224,0.133760091,12,60,3,16,80,4,Neutral,Neutral,Neutral,0.118983738,0.715337891,0.165678368,10,57,8,13.33333333,76,10.66666667
Latvia,https://en.wikipedia.org/wiki/Latvia,Europe,High,68181,Neutral,Neutral,Neutral,0.279935282,0.524535379,0.19552934,28,126,12,16.86746988,75.90361446,7.228915663,Neutral,Neutral,Neutral,0.106731447,0.728679698,0.164588858,11,139,16,6.626506024,83.73493976,9.638554217,Neutral,Neutral,Neutral,0.094320869,0.738638258,0.167040864,13,138,15,7.831325301,83.13253012,9.036144578
Lebanon,https://en.wikipedia.org/wiki/Lebanon,Asia,Lower middle,84953,Neutral,Neutral,Neutral,0.385692979,0.44329119,0.171015834,39,108,16,23.92638037,66.25766871,9.81595092,Neutral,Neutral,Neutral,0.239430399,0.62122464,0.139344966,24,121,18,14.72392638,74.23312883,11.04294479,Neutral,Neutral,Neutral,0.230826682,0.633210111,0.135963201,25,118,20,15.33742331,72.39263804,12.26993865
Lesotho,https://en.wikipedia.org/wiki/Lesotho,Africa,Lower middle,37701,Neutral,Neutral,Neutral,0.416748301,0.442345348,0.140906349,29,49,4,35.36585366,59.75609756,4.87804878,Neutral,Neutral,Neutral,0.198738827,0.69797824,0.10328293,18,61,3,21.95121951,74.3902439,3.658536585,Neutral,Neutral,Neutral,0.141858006,0.721624174,0.136517811,12,60,10,14.63414634,73.17073171,12.19512195
Liberia,https://en.wikipedia.org/wiki/Liberia,Africa,Low,65018,Neutral,Negative,Negative,0.441113213,0.4051084,0.153778392,61,65,13,43.88489209,46.76258993,9.352517986,Neutral,Neutral,Neutral,0.262032238,0.623149898,0.114817867,40,91,8,28.77697842,65.4676259,5.755395683,Neutral,Neutral,Neutral,0.263117344,0.588625311,0.148257341,35,85,19,25.17985612,61.15107914,13.66906475
Libya,https://en.wikipedia.org/wiki/Libya,Africa,Upper middle,78523,Neutral,Neutral,Neutral,0.378058008,0.457929982,0.164012014,44,88,13,30.34482759,60.68965517,8.965517241,Neutral,Neutral,Neutral,0.190144034,0.708666576,0.101189388,21,116,8,14.48275862,80,5.517241379,Neutral,Neutral,Neutral,0.195797307,0.684549721,0.119652965,20,116,9,13.79310345,80,6.206896552
Liechtenstein,https://en.wikipedia.org/wiki/Liechtenstein,Europe,High,47346,Neutral,Neutral,Neutral,0.254017621,0.560067118,0.185915265,19,100,12,14.50381679,76.33587786,9.160305344,Neutral,Neutral,Neutral,0.073263046,0.748450513,0.178286434,2,115,14,1.526717557,87.78625954,10.6870229,Neutral,Neutral,Neutral,0.044075968,0.774008062,0.181915972,1,112,18,0.763358779,85.49618321,13.74045802
Lithuania,https://en.wikipedia.org/wiki/Lithuania,Europe,High,92332,Neutral,Neutral,Neutral,0.249880869,0.488701151,0.261417977,29,112,33,16.66666667,64.36781609,18.96551724,Neutral,Neutral,Neutral,0.071294882,0.678024772,0.250680351,4,134,36,2.298850575,77.01149425,20.68965517,Neutral,Neutral,Neutral,0.059091745,0.686947449,0.25396081,6,129,39,3.448275862,74.13793103,22.4137931
Luxembourg,https://en.wikipedia.org/wiki/Luxembourg,Europe,High,52563,Neutral,Neutral,Neutral,0.214833918,0.547748673,0.237417411,12,97,12,9.917355372,80.16528926,9.917355372,Neutral,Neutral,Neutral,0.071196818,0.728691306,0.200111877,3,102,16,2.479338843,84.29752066,13.2231405,Neutral,Neutral,Neutral,0.061113394,0.675463762,0.263422837,4,88,29,3.305785124,72.72727273,23.96694215
Madagascar,https://en.wikipedia.org/wiki/Madagascar,Africa,Low,80645,Neutral,Neutral,Neutral,0.361064522,0.458059235,0.180876242,39,78,8,31.2,62.4,6.4,Neutral,Neutral,Neutral,0.143539673,0.705158884,0.15130145,15,101,9,12,80.8,7.2,Neutral,Neutral,Neutral,0.12772662,0.719145,0.153128383,16,100,9,12.8,80,7.2
Malawi,https://en.wikipedia.org/wiki/Malawi,Africa,Low,44022,Neutral,Neutral,Neutral,0.376630476,0.459779384,0.163590139,25,45,6,32.89473684,59.21052632,7.894736842,Neutral,Neutral,Neutral,0.152248735,0.70857415,0.139177116,10,61,5,13.15789474,80.26315789,6.578947368,Neutral,Neutral,Neutral,0.130492796,0.70946598,0.160041226,10,58,8,13.15789474,76.31578947,10.52631579
Malaysia,https://en.wikipedia.org/wiki/Malaysia,Asia,Upper middle,59803,Neutral,Neutral,Neutral,0.308964741,0.524427946,0.166607324,20,67,4,21.97802198,73.62637363,4.395604396,Neutral,Neutral,Neutral,0.113239658,0.729316646,0.1574437,8,74,9,8.791208791,81.31868132,9.89010989,Neutral,Neutral,Neutral,0.077509672,0.78850722,0.133983117,5,78,8,5.494505495,85.71428571,8.791208791
Maldives,https://en.wikipedia.org/wiki/Maldives,Asia,Upper middle,68337,Neutral,Neutral,Neutral,0.320975374,0.504717581,0.174307048,39,109,10,24.6835443,68.98734177,6.329113924,Neutral,Neutral,Neutral,0.130469985,0.725433077,0.144096938,20,126,12,12.65822785,79.74683544,7.594936709,Neutral,Neutral,Neutral,0.102720486,0.76340629,0.133873225,15,125,18,9.493670886,79.11392405,11.39240506
Mali,https://en.wikipedia.org/wiki/Mali,Africa,Low,49902,Neutral,Neutral,Negative,0.421942479,0.417800416,0.160257096,43,64,9,37.06896552,55.17241379,7.75862069,Neutral,Neutral,Neutral,0.263903437,0.620957437,0.115139131,28,83,5,24.13793103,71.55172414,4.310344828,Neutral,Neutral,Neutral,0.303630738,0.594302855,0.102066413,31,74,11,26.72413793,63.79310345,9.482758621
Malta,https://en.wikipedia.org/wiki/Malta,Europe,High,78661,Neutral,Neutral,Neutral,0.222125945,0.53759814,0.240275911,17,143,30,8.947368421,75.26315789,15.78947368,Neutral,Neutral,Neutral,0.065606244,0.731299438,0.203094323,8,159,23,4.210526316,83.68421053,12.10526316,Neutral,Neutral,Neutral,0.050704525,0.736271766,0.213023711,8,154,28,4.210526316,81.05263158,14.73684211
Marshall Islands,https://en.wikipedia.org/wiki/Marshall_Islands,Oceania,Upper middle,49847,Neutral,Neutral,Neutral,0.257061213,0.60170984,0.141228946,19,126,5,12.66666667,84,3.333333333,Neutral,Neutral,Neutral,0.095576515,0.799541476,0.104882006,10,137,3,6.666666667,91.33333333,2,Neutral,Neutral,Neutral,0.08962045,0.822074646,0.088304897,9,134,7,6,89.33333333,4.666666667
Mauritania,https://en.wikipedia.org/wiki/Mauritania,Africa,Lower middle,40839,Neutral,Neutral,Neutral,0.434555757,0.456899502,0.108544737,45,60,2,42.05607477,56.07476636,1.869158879,Neutral,Neutral,Neutral,0.268706161,0.647975841,0.083318001,28,73,6,26.1682243,68.22429907,5.607476636,Neutral,Neutral,Neutral,0.228380516,0.690086161,0.081533323,26,74,7,24.29906542,69.1588785,6.542056075
Mauritius,https://en.wikipedia.org/wiki/Mauritius,Africa,Upper middle,79000,Neutral,Neutral,Neutral,0.317850828,0.495098255,0.18705092,33,103,16,21.71052632,67.76315789,10.52631579,Neutral,Neutral,Neutral,0.110897736,0.740570478,0.148531785,12,120,20,7.894736842,78.94736842,13.15789474,Neutral,Neutral,Neutral,0.113412203,0.729413225,0.157174573,16,112,24,10.52631579,73.68421053,15.78947368
Mexico,https://en.wikipedia.org/wiki/Mexico,North America,Upper middle,97253,Neutral,Neutral,Neutral,0.293299235,0.474208511,0.232492252,30,104,20,19.48051948,67.53246753,12.98701299,Neutral,Neutral,Neutral,0.080349337,0.689075804,0.230574854,5,126,23,3.246753247,81.81818182,14.93506494,Neutral,Neutral,Neutral,0.072127554,0.685505805,0.242366639,8,112,34,5.194805195,72.72727273,22.07792208
Moldova,https://en.wikipedia.org/wiki/Moldova,Europe,Upper middle,76470,Neutral,Neutral,Neutral,0.291364838,0.452661684,0.255973481,25,82,23,19.23076923,63.07692308,17.69230769,Neutral,Neutral,Neutral,0.099732779,0.655854972,0.244412246,11,102,17,8.461538462,78.46153846,13.07692308,Neutral,Neutral,Neutral,0.094048691,0.650299085,0.255652219,11,92,27,8.461538462,70.76923077,20.76923077
Monaco,https://en.wikipedia.org/wiki/Monaco,Europe,High,57058,Neutral,Neutral,Neutral,0.229267746,0.578963272,0.191768984,17,134,14,10.3030303,81.21212121,8.484848485,Neutral,Neutral,Neutral,0.064344824,0.78232402,0.153331149,3,151,11,1.818181818,91.51515152,6.666666667,Neutral,Neutral,Neutral,0.040922344,0.797465393,0.161612259,1,148,16,0.606060606,89.6969697,9.696969697
Mongolia,https://en.wikipedia.org/wiki/Mongolia,Asia,Upper middle,56932,Neutral,Neutral,Neutral,0.269526543,0.525761682,0.204711771,21,86,16,17.07317073,69.91869919,13.00813008,Neutral,Neutral,Neutral,0.10656319,0.718034896,0.175401924,5,100,18,4.06504065,81.30081301,14.63414634,Neutral,Neutral,Neutral,0.080782926,0.723256009,0.19596106,4,93,26,3.25203252,75.6097561,21.13821138
Montenegro,https://en.wikipedia.org/wiki/Montenegro,Europe,Upper middle,49340,Neutral,Neutral,Neutral,0.277026799,0.501061058,0.221912144,26,87,13,20.63492063,69.04761905,10.31746032,Neutral,Neutral,Neutral,0.118141194,0.731714749,0.150144056,11,107,8,8.73015873,84.92063492,6.349206349,Neutral,Neutral,Neutral,0.077704127,0.743627397,0.17866848,9,105,12,7.142857143,83.33333333,9.523809524
Morocco,https://en.wikipedia.org/wiki/Morocco,Africa,Lower middle,80729,Neutral,Neutral,Neutral,0.274247316,0.495165357,0.230587327,30,103,15,20.27027027,69.59459459,10.13513514,Neutral,Neutral,Neutral,0.082151659,0.713530913,0.204317419,8,123,17,5.405405405,83.10810811,11.48648649,Neutral,Neutral,Neutral,0.080692202,0.685426212,0.233881585,10,114,24,6.756756757,77.02702703,16.21621622
Mozambique,https://en.wikipedia.org/wiki/Mozambique,Africa,Low,51031,Neutral,Neutral,Neutral,0.359394162,0.465385374,0.175220451,30,55,9,31.91489362,58.5106383,9.574468085,Neutral,Neutral,Neutral,0.169863261,0.683638833,0.146497908,14,71,9,14.89361702,75.53191489,9.574468085,Neutral,Neutral,Neutral,0.133852793,0.69928885,0.166858359,14,68,12,14.89361702,72.34042553,12.76595745
Myanmar,https://en.wikipedia.org/wiki/Myanmar,Asia,Lower middle,86029,Neutral,Neutral,Negative,0.440227037,0.425176525,0.134596445,68,84,12,41.46341463,51.2195122,7.317073171,Neutral,Neutral,Neutral,0.24840152,0.654708235,0.096890241,40,116,8,24.3902439,70.73170732,4.87804878,Neutral,Neutral,Neutral,0.234348272,0.637970739,0.127680985,34,115,15,20.73170732,70.12195122,9.146341463
Namibia,https://en.wikipedia.org/wiki/Namibia,Africa,Lower middle,64966,Neutral,Neutral,Neutral,0.336595767,0.478758282,0.184645946,44,92,14,29.33333333,61.33333333,9.333333333,Neutral,Neutral,Neutral,0.128938011,0.680062324,0.190999661,13,123,14,8.666666667,82,9.333333333,Neutral,Neutral,Neutral,0.087507646,0.695743806,0.216748553,10,119,21,6.666666667,79.33333333,14
Nauru,https://en.wikipedia.org/wiki/Nauru,Oceania,High,35280,Neutral,Neutral,Neutral,0.424639039,0.465229877,0.110131073,20,56,1,25.97402597,72.72727273,1.298701299,Neutral,Neutral,Neutral,0.201598772,0.694120656,0.104280576,14,60,3,18.18181818,77.92207792,3.896103896,Neutral,Neutral,Neutral,0.207828549,0.69610725,0.096064205,15,57,5,19.48051948,74.02597403,6.493506494
Nepal,https://en.wikipedia.org/wiki/Nepal,Asia,Lower middle,84978,Neutral,Neutral,Neutral,0.320062521,0.462606741,0.217330741,32,69,14,27.82608696,60,12.17391304,Neutral,Neutral,Neutral,0.119756592,0.685574686,0.194668727,12,90,13,10.43478261,78.26086957,11.30434783,Neutral,Neutral,Neutral,0.101182286,0.696581278,0.202236437,14,86,15,12.17391304,74.7826087,13.04347826
Netherlands,https://en.wikipedia.org/wiki/Netherlands,Europe,High,86105,Neutral,Neutral,Neutral,0.267529669,0.500052948,0.232417385,28,106,31,16.96969697,64.24242424,18.78787879,Neutral,Neutral,Neutral,0.08322415,0.689345374,0.227430479,9,131,25,5.454545455,79.39393939,15.15151515,Neutral,Neutral,Neutral,0.05822394,0.668823532,0.272952529,8,116,41,4.848484848,70.3030303,24.84848485
New Zealand,https://en.wikipedia.org/wiki/New_Zealand,Oceania,High,63125,Neutral,Neutral,Neutral,0.262585883,0.524079353,0.213334767,16,66,12,17.0212766,70.21276596,12.76595745,Neutral,Neutral,Neutral,0.061306213,0.741562553,0.197131236,3,81,10,3.191489362,86.17021277,10.63829787,Neutral,Neutral,Neutral,0.047458264,0.727280541,0.225261192,3,75,16,3.191489362,79.78723404,17.0212766
Nicaragua,https://en.wikipedia.org/wiki/Nicaragua,North America,Lower middle,76997,Neutral,Neutral,Neutral,0.324041121,0.479360034,0.196598843,50,107,21,28.08988764,60.11235955,11.79775281,Neutral,Neutral,Neutral,0.162868232,0.65994959,0.177182177,23,134,21,12.92134831,75.28089888,11.79775281,Neutral,Neutral,Neutral,0.155118325,0.637521503,0.20736017,23,127,28,12.92134831,71.34831461,15.73033708
Niger,https://en.wikipedia.org/wiki/Niger,Africa,Low,60666,Neutral,Neutral,Neutral,0.394946467,0.470876356,0.134177183,37,77,7,30.5785124,63.63636364,5.785123967,Neutral,Neutral,Neutral,0.152933418,0.754760413,0.092306166,13,103,5,10.74380165,85.12396694,4.132231405,Neutral,Neutral,Neutral,0.128405223,0.760864207,0.110730573,13,97,11,10.74380165,80.16528926,9.090909091
Nigeria,https://en.wikipedia.org/wiki/Nigeria,Africa,Lower middle,90028,Neutral,Neutral,Neutral,0.336814845,0.461213562,0.201971597,44,107,19,25.88235294,62.94117647,11.17647059,Neutral,Neutral,Neutral,0.176310749,0.623445523,0.200243731,28,118,24,16.47058824,69.41176471,14.11764706,Neutral,Neutral,Neutral,0.143427491,0.62881297,0.22775954,24,114,32,14.11764706,67.05882353,18.82352941
North Korea,https://en.wikipedia.org/wiki/North_Korea,Asia,Low,87474,Neutral,Neutral,Neutral,0.386274382,0.429752417,0.183973204,57,83,13,37.25490196,54.24836601,8.496732026,Neutral,Neutral,Neutral,0.176003145,0.674200809,0.149796041,23,120,10,15.03267974,78.43137255,6.535947712,Neutral,Neutral,Neutral,0.14223203,0.681833115,0.175934853,18,120,15,11.76470588,78.43137255,9.803921569
North Macedonia,https://en.wikipedia.org/wiki/North_Macedonia,Europe,Upper middle,69798,Neutral,Neutral,Neutral,0.291652135,0.5219728,0.186375062,23,99,10,17.42424242,75,7.575757576,Neutral,Neutral,Neutral,0.11085051,0.722031328,0.167118149,11,109,12,8.333333333,82.57575758,9.090909091,Neutral,Neutral,Neutral,0.084019346,0.736195235,0.179785418,9,104,19,6.818181818,78.78787879,14.39393939
Norway,https://en.wikipedia.org/wiki/Norway,Europe,High,93706,Neutral,Neutral,Neutral,0.238917789,0.516674928,0.244407281,32,138,39,15.31100478,66.02870813,18.66028708,Neutral,Neutral,Neutral,0.072952697,0.676328534,0.250718771,8,154,47,3.827751196,73.68421053,22.48803828,Neutral,Neutral,Neutral,0.060611732,0.650282507,0.289105759,10,149,50,4.784688995,71.29186603,23.92344498
Oman,https://en.wikipedia.org/wiki/Oman,Asia,High,76766,Neutral,Neutral,Neutral,0.29548426,0.497161241,0.207354497,28,105,15,18.91891892,70.94594595,10.13513514,Neutral,Neutral,Neutral,0.10159777,0.738002503,0.160399729,7,127,14,4.72972973,85.81081081,9.459459459,Neutral,Neutral,Neutral,0.056399942,0.766576838,0.177023219,5,121,22,3.378378378,81.75675676,14.86486486
Pakistan,https://en.wikipedia.org/wiki/Pakistan,Asia,Lower middle,77847,Neutral,Neutral,Neutral,0.267975484,0.47178129,0.260243221,29,87,27,20.27972028,60.83916084,18.88111888,Neutral,Neutral,Neutral,0.094779955,0.661481295,0.243738747,8,110,25,5.594405594,76.92307692,17.48251748,Neutral,Neutral,Neutral,0.076453741,0.700912017,0.22263425,11,110,22,7.692307692,76.92307692,15.38461538
Palau,https://en.wikipedia.org/wiki/Palau,Oceania,High,28696,Neutral,Neutral,Neutral,0.225754605,0.570932607,0.203312786,8,47,8,12.6984127,74.6031746,12.6984127,Neutral,Neutral,Neutral,0.083938967,0.745534008,0.170527011,3,56,4,4.761904762,88.88888889,6.349206349,Neutral,Neutral,Neutral,0.052997301,0.793667672,0.15333503,3,55,5,4.761904762,87.3015873,7.936507937
Panama,https://en.wikipedia.org/wiki/Panama,North America,High,62351,Neutral,Neutral,Neutral,0.276060479,0.511745131,0.212194391,33,101,19,21.56862745,66.0130719,12.41830065,Neutral,Neutral,Neutral,0.118205732,0.663210681,0.218583589,17,110,26,11.11111111,71.89542484,16.99346405,Neutral,Neutral,Neutral,0.106593063,0.666717821,0.226689116,13,112,28,8.496732026,73.20261438,18.30065359
Papua New Guinea,https://en.wikipedia.org/wiki/Papua_New_Guinea,Oceania,Lower middle,72004,Neutral,Neutral,Neutral,0.368676787,0.50090743,0.130415782,32,71,3,30.18867925,66.98113208,2.830188679,Neutral,Neutral,Neutral,0.164160762,0.736767874,0.099071374,14,88,4,13.20754717,83.01886792,3.773584906,Neutral,Neutral,Neutral,0.150122499,0.73877283,0.11110467,13,87,6,12.26415094,82.0754717,5.660377358
Paraguay,https://en.wikipedia.org/wiki/Paraguay,South America,Upper middle,49763,Neutral,Neutral,Neutral,0.341334524,0.445343457,0.213322017,33,75,22,25.38461538,57.69230769,16.92307692,Neutral,Neutral,Neutral,0.168833959,0.641393966,0.189772081,18,89,23,13.84615385,68.46153846,17.69230769,Neutral,Neutral,Neutral,0.141419597,0.620346708,0.238233696,14,87,29,10.76923077,66.92307692,22.30769231
Peru,https://en.wikipedia.org/wiki/Peru,South America,Upper middle,92164,Neutral,Neutral,Neutral,0.285463198,0.464558046,0.249978759,29,97,26,19.07894737,63.81578947,17.10526316,Neutral,Neutral,Neutral,0.111643269,0.667725959,0.220630774,8,115,29,5.263157895,75.65789474,19.07894737,Neutral,Neutral,Neutral,0.101154369,0.659527103,0.23931853,11,112,29,7.236842105,73.68421053,19.07894737
Philippines,https://en.wikipedia.org/wiki/Philippines,Asia,Lower middle,64831,Neutral,Neutral,Neutral,0.261138609,0.519509698,0.219351693,21,90,8,17.64705882,75.6302521,6.722689076,Neutral,Neutral,Neutral,0.091315028,0.690588964,0.218096016,6,96,17,5.042016807,80.67226891,14.28571429,Neutral,Neutral,Neutral,0.071983483,0.746288961,0.181727561,5,99,15,4.201680672,83.19327731,12.60504202
Poland,https://en.wikipedia.org/wiki/Poland,Europe,High,78419,Neutral,Neutral,Neutral,0.266337449,0.470326394,0.263336152,28,81,29,20.28985507,58.69565217,21.01449275,Neutral,Neutral,Neutral,0.08411203,0.647625773,0.268262192,7,99,32,5.072463768,71.73913043,23.1884058,Neutral,Neutral,Neutral,0.058279532,0.6532664,0.288454069,6,95,37,4.347826087,68.84057971,26.8115942
Portugal,https://en.wikipedia.org/wiki/Portugal,Europe,High,90800,Neutral,Neutral,Neutral,0.251389398,0.529864803,0.218745803,34,128,23,18.37837838,69.18918919,12.43243243,Neutral,Neutral,Neutral,0.089604832,0.707768419,0.202626749,12,147,26,6.486486486,79.45945946,14.05405405,Neutral,Neutral,Neutral,0.075788317,0.718178624,0.206033057,12,145,28,6.486486486,78.37837838,15.13513514
Qatar,https://en.wikipedia.org/wiki/Qatar,Asia,High,69857,Neutral,Neutral,Neutral,0.278355136,0.464995581,0.256649283,29,85,25,20.86330935,61.15107914,17.98561151,Neutral,Neutral,Neutral,0.138307803,0.616867022,0.24482517,16,98,25,11.51079137,70.50359712,17.98561151,Neutral,Neutral,Neutral,0.115937812,0.60399659,0.2800656,14,91,34,10.07194245,65.4676259,24.46043165
Republic of Ireland,https://en.wikipedia.org/wiki/Republic_of_Ireland,Europe,High,76808,Neutral,Neutral,Neutral,0.246282394,0.539163982,0.214553629,17,103,16,12.5,75.73529412,11.76470588,Neutral,Neutral,Neutral,0.057848419,0.720216098,0.221935491,2,112,22,1.470588235,82.35294118,16.17647059,Neutral,Neutral,Neutral,0.027770247,0.741969834,0.230259919,2,110,24,1.470588235,80.88235294,17.64705882
Republic of the Congo,https://en.wikipedia.org/wiki/Republic_of_the_Congo,Africa,Lower middle,23809,Neutral,Neutral,Neutral,0.390578112,0.476136749,0.133285137,17,36,2,30.90909091,65.45454545,3.636363636,Neutral,Neutral,Neutral,0.149490079,0.771962988,0.078546938,5,48,2,9.090909091,87.27272727,3.636363636,Neutral,Neutral,Neutral,0.14526929,0.727044513,0.127686204,6,45,4,10.90909091,81.81818182,7.272727273
Romania,https://en.wikipedia.org/wiki/Romania,Europe,High,57844,Neutral,Neutral,Neutral,0.28380286,0.471078302,0.24511884,21,66,22,19.26605505,60.55045872,20.18348624,Neutral,Neutral,Neutral,0.090824753,0.677045728,0.232129511,5,80,24,4.587155963,73.39449541,22.01834862,Neutral,Neutral,Neutral,0.066334526,0.707301593,0.226363883,5,83,21,4.587155963,76.14678899,19.26605505
Russia,https://en.wikipedia.org/wiki/Russia,Europe,High,91528,Neutral,Neutral,Neutral,0.336631307,0.427526997,0.2358417,48,84,28,30,52.5,17.5,Neutral,Neutral,Neutral,0.13910101,0.608516913,0.252382078,17,110,33,10.625,68.75,20.625,Neutral,Neutral,Neutral,0.113877583,0.618179397,0.267943021,17,103,40,10.625,64.375,25
Rwanda,https://en.wikipedia.org/wiki/Rwanda,Africa,Low,63521,Neutral,Neutral,Neutral,0.363720193,0.466343579,0.169936222,25,53,10,28.40909091,60.22727273,11.36363636,Neutral,Neutral,Neutral,0.096045403,0.714795675,0.189158914,9,63,16,10.22727273,71.59090909,18.18181818,Neutral,Neutral,Neutral,0.09484778,0.711990041,0.193162177,10,63,15,11.36363636,71.59090909,17.04545455
Saint Kitts and Nevis,https://en.wikipedia.org/wiki/Saint_Kitts_and_Nevis,North America,High,27693,Neutral,Neutral,Neutral,0.220088904,0.627150001,0.152761093,11,76,3,12.22222222,84.44444444,3.333333333,Neutral,Neutral,Neutral,0.072276931,0.781221893,0.146501178,6,80,4,6.666666667,88.88888889,4.444444444,Neutral,Neutral,Neutral,0.045004074,0.78811511,0.166880816,4,77,9,4.444444444,85.55555556,10
Saint Lucia,https://en.wikipedia.org/wiki/Saint_Lucia,North America,Upper middle,28425,Neutral,Neutral,Neutral,0.227649813,0.579233697,0.193116485,6,51,9,9.090909091,77.27272727,13.63636364,Neutral,Neutral,Neutral,0.056004676,0.775006383,0.168988944,1,58,7,1.515151515,87.87878788,10.60606061,Neutral,Neutral,Neutral,0.048193861,0.753964368,0.197841766,3,52,11,4.545454545,78.78787879,16.66666667
Saint Vincent and the Grenadines,https://en.wikipedia.org/wiki/Saint_Vincent_and_the_Grenadines,North America,Upper middle,24116,Neutral,Neutral,Neutral,0.259440975,0.596151424,0.144407599,17,63,5,20,74.11764706,5.882352941,Neutral,Neutral,Neutral,0.087503496,0.79058157,0.121914937,6,74,5,7.058823529,87.05882353,5.882352941,Neutral,Neutral,Neutral,0.092429986,0.788556092,0.119013922,9,69,7,10.58823529,81.17647059,8.235294118
Samoa,https://en.wikipedia.org/wiki/Samoa,Oceania,Upper middle,44023,Neutral,Neutral,Neutral,0.223846233,0.554236498,0.221917266,14,102,13,10.85271318,79.06976744,10.07751938,Neutral,Neutral,Neutral,0.080455681,0.750998857,0.168545463,7,114,8,5.426356589,88.37209302,6.201550388,Neutral,Neutral,Neutral,0.067577361,0.735801441,0.196621188,9,102,18,6.976744186,79.06976744,13.95348837
San Marino,https://en.wikipedia.org/wiki/San_Marino,Europe,High,43349,Neutral,Neutral,Neutral,0.20504066,0.602192925,0.192766414,7,85,6,7.142857143,86.73469388,6.12244898,Neutral,Neutral,Neutral,0.061060236,0.75156677,0.187372987,1,87,10,1.020408163,88.7755102,10.20408163,Neutral,Neutral,Neutral,0.032861769,0.783282453,0.183855779,2,86,10,2.040816327,87.75510204,10.20408163
Sao Tome and Principe,https://en.wikipedia.org/wiki/SÃ£o_TomÃ©_and_PrÃ­ncipe,Africa,Lower middle,41928,Neutral,Neutral,Neutral,0.262387962,0.527648863,0.209963175,17,85,16,14.40677966,72.03389831,13.55932203,Neutral,Neutral,Neutral,0.116980397,0.693937114,0.189082494,9,96,13,7.627118644,81.3559322,11.01694915,Neutral,Neutral,Neutral,0.106398816,0.668551132,0.225050049,8,91,19,6.779661017,77.11864407,16.10169492
Saudi Arabia,https://en.wikipedia.org/wiki/Saudi_Arabia,Asia,High,96036,Neutral,Neutral,Neutral,0.351279115,0.44141698,0.207303907,47,90,19,30.12820513,57.69230769,12.17948718,Neutral,Neutral,Neutral,0.18433991,0.640613496,0.175046598,21,114,21,13.46153846,73.07692308,13.46153846,Neutral,Neutral,Neutral,0.153267669,0.677874652,0.168857686,23,111,22,14.74358974,71.15384615,14.1025641
Senegal,https://en.wikipedia.org/wiki/Senegal,Africa,Lower middle,42309,Neutral,Neutral,Neutral,0.261618793,0.521019765,0.21736144,21,80,17,17.79661017,67.79661017,14.40677966,Neutral,Neutral,Neutral,0.097293792,0.70176344,0.200942768,11,89,18,9.322033898,75.42372881,15.25423729,Neutral,Neutral,Neutral,0.069086686,0.707184688,0.223728625,8,89,21,6.779661017,75.42372881,17.79661017
Serbia,https://en.wikipedia.org/wiki/Serbia,Europe,Upper middle,94699,Neutral,Neutral,Neutral,0.26872673,0.480368204,0.250905068,34,124,32,17.89473684,65.26315789,16.84210526,Neutral,Neutral,Neutral,0.113052015,0.680686046,0.206261926,15,146,29,7.894736842,76.84210526,15.26315789,Neutral,Neutral,Neutral,0.080574458,0.698101768,0.22132377,13,136,41,6.842105263,71.57894737,21.57894737
Seychelles,https://en.wikipedia.org/wiki/Seychelles,Africa,High,39460,Neutral,Neutral,Neutral,0.193699922,0.614275266,0.192024812,9,94,8,8.108108108,84.68468468,7.207207207,Neutral,Neutral,Neutral,0.077343109,0.719792674,0.202864217,5,91,15,4.504504505,81.98198198,13.51351351,Neutral,Neutral,Neutral,0.059906466,0.722053035,0.218040501,6,86,19,5.405405405,77.47747748,17.11711712
Sierra Leone,https://en.wikipedia.org/wiki/Sierra_Leone,Africa,Low,93961,Neutral,Neutral,Neutral,0.370685389,0.455817497,0.173497117,68,125,15,32.69230769,60.09615385,7.211538462,Neutral,Neutral,Neutral,0.178872668,0.699218648,0.121908682,33,161,14,15.86538462,77.40384615,6.730769231,Neutral,Neutral,Neutral,0.169694701,0.67090309,0.159402213,35,149,24,16.82692308,71.63461538,11.53846154
Singapore,https://en.wikipedia.org/wiki/Singapore,Asia,High,87950,Neutral,Neutral,Neutral,0.286117135,0.480024883,0.233857981,27,78,22,21.25984252,61.41732283,17.32283465,Neutral,Neutral,Neutral,0.096817415,0.660875273,0.242307313,7,94,26,5.511811024,74.01574803,20.47244094,Neutral,Neutral,Neutral,0.075152517,0.682978926,0.241868557,6,91,30,4.724409449,71.65354331,23.62204724
Slovakia,https://en.wikipedia.org/wiki/Slovakia,Europe,High,85866,Neutral,Neutral,Neutral,0.284557974,0.520457414,0.19498461,33,138,23,17.01030928,71.13402062,11.8556701,Neutral,Neutral,Neutral,0.119094589,0.677741626,0.203163785,18,146,30,9.278350515,75.25773196,15.46391753,Neutral,Neutral,Neutral,0.099299425,0.674772655,0.225927917,16,144,34,8.24742268,74.22680412,17.5257732
Slovenia,https://en.wikipedia.org/wiki/Slovenia,Europe,High,83741,Neutral,Neutral,Neutral,0.254645469,0.49727422,0.248080315,28,120,31,15.6424581,67.03910615,17.31843575,Neutral,Neutral,Neutral,0.100773659,0.646777368,0.252448973,14,133,32,7.82122905,74.30167598,17.87709497,Neutral,Neutral,Neutral,0.078444632,0.659608796,0.261946566,11,131,37,6.145251397,73.18435754,20.67039106
Solomon Islands,https://en.wikipedia.org/wiki/Solomon_Islands,Oceania,Lower middle,62330,Neutral,Neutral,Neutral,0.415217901,0.469371292,0.115410803,39,70,3,34.82142857,62.5,2.678571429,Neutral,Neutral,Neutral,0.191342235,0.718879197,0.089778563,19,90,3,16.96428571,80.35714286,2.678571429,Neutral,Neutral,Neutral,0.224615075,0.689375987,0.086008938,22,82,8,19.64285714,73.21428571,7.142857143
Somalia,https://en.wikipedia.org/wiki/Somalia,Africa,Low,96565,Neutral,Neutral,Neutral,0.292461068,0.509127882,0.198411054,33,144,17,17.01030928,74.22680412,8.762886598,Neutral,Neutral,Neutral,0.125843135,0.719689679,0.154467186,17,161,16,8.762886598,82.98969072,8.24742268,Neutral,Neutral,Neutral,0.092086143,0.733295614,0.174618243,19,149,26,9.793814433,76.80412371,13.40206186
South Africa,https://en.wikipedia.org/wiki/South_Africa,Africa,Upper middle,91246,Neutral,Neutral,Neutral,0.339126703,0.442569066,0.218304228,43,83,23,28.8590604,55.70469799,15.43624161,Neutral,Neutral,Neutral,0.138066714,0.60452356,0.257409721,17,100,32,11.40939597,67.11409396,21.47651007,Neutral,Neutral,Neutral,0.118352126,0.594497346,0.28715053,15,93,41,10.06711409,62.41610738,27.51677852
South Korea,https://en.wikipedia.org/wiki/South_Korea,Asia,High,88375,Neutral,Neutral,Neutral,0.283931135,0.4630053,0.253063566,37,85,28,24.66666667,56.66666667,18.66666667,Neutral,Neutral,Neutral,0.099937304,0.625284846,0.27477785,13,99,38,8.666666667,66,25.33333333,Neutral,Neutral,Neutral,0.100985386,0.592506335,0.306508277,15,95,40,10,63.33333333,26.66666667
South Sudan,https://en.wikipedia.org/wiki/South_Sudan,Africa,Low,63638,Neutral,Neutral,Neutral,0.397292658,0.452330885,0.150376459,50,86,6,35.21126761,60.56338028,4.225352113,Neutral,Neutral,Neutral,0.228468118,0.658753698,0.112778187,31,103,8,21.83098592,72.53521127,5.633802817,Neutral,Neutral,Neutral,0.239116519,0.649464154,0.111419323,29,104,9,20.42253521,73.23943662,6.338028169
Spain,https://en.wikipedia.org/wiki/Spain,Europe,High,96183,Neutral,Neutral,Neutral,0.262843063,0.501933603,0.235223337,31,147,33,14.69194313,69.66824645,15.63981043,Neutral,Neutral,Neutral,0.097870655,0.695526673,0.206602676,12,168,31,5.687203791,79.62085308,14.69194313,Neutral,Neutral,Neutral,0.067068592,0.689504302,0.243427108,8,159,44,3.791469194,75.35545024,20.85308057
Sri Lanka,https://en.wikipedia.org/wiki/Sri_Lanka,Asia,Lower middle,74871,Neutral,Neutral,Neutral,0.333115911,0.470597807,0.196286283,34,90,16,24.28571429,64.28571429,11.42857143,Neutral,Neutral,Neutral,0.123912221,0.707348688,0.168739089,14,116,10,10,82.85714286,7.142857143,Neutral,Neutral,Neutral,0.138216652,0.662117682,0.199665658,14,105,21,10,75,15
Sudan,https://en.wikipedia.org/wiki/Sudan,Africa,Low,80496,Neutral,Negative,Negative,0.457696951,0.421646998,0.120656046,68,91,2,42.23602484,56.52173913,1.242236025,Neutral,Neutral,Neutral,0.274356954,0.650240793,0.07540225,39,119,3,24.22360248,73.91304348,1.863354037,Neutral,Neutral,Neutral,0.236776232,0.685253757,0.077970008,34,120,7,21.11801242,74.53416149,4.347826087
Suriname,https://en.wikipedia.org/wiki/Suriname,South America,Upper middle,53533,Neutral,Neutral,Neutral,0.238419954,0.560120022,0.201460025,15,107,17,10.79136691,76.97841727,12.23021583,Neutral,Neutral,Neutral,0.079157716,0.719132597,0.201709689,7,115,17,5.035971223,82.73381295,12.23021583,Neutral,Neutral,Neutral,0.077624975,0.716000817,0.206374214,9,106,24,6.474820144,76.25899281,17.26618705
Sweden,https://en.wikipedia.org/wiki/Sweden,Europe,High,93775,Neutral,Neutral,Neutral,0.284280884,0.500824825,0.214894295,27,130,25,14.83516484,71.42857143,13.73626374,Neutral,Neutral,Neutral,0.06485346,0.727170138,0.207976403,6,144,32,3.296703297,79.12087912,17.58241758,Neutral,Neutral,Neutral,0.055139808,0.726014153,0.218846037,7,140,35,3.846153846,76.92307692,19.23076923
Switzerland,https://en.wikipedia.org/wiki/Switzerland,Europe,High,78829,Neutral,Neutral,Neutral,0.245856896,0.532874059,0.221269043,20,116,25,12.42236025,72.04968944,15.52795031,Neutral,Neutral,Neutral,0.074541554,0.698693421,0.226765027,7,124,30,4.347826087,77.01863354,18.63354037,Neutral,Neutral,Neutral,0.053735546,0.683405495,0.262858957,6,112,43,3.726708075,69.56521739,26.70807453
Syria,https://en.wikipedia.org/wiki/Syria,Asia,Low,87052,Neutral,Neutral,Neutral,0.404977105,0.435358996,0.159663899,49,75,9,36.84210526,56.39097744,6.766917293,Neutral,Neutral,Neutral,0.258416201,0.675563492,0.06602031,31,100,2,23.30827068,75.18796992,1.503759398,Neutral,Neutral,Neutral,0.216848235,0.710101238,0.073050524,24,103,6,18.04511278,77.44360902,4.511278195
Taiwan,https://en.wikipedia.org/wiki/Taiwan,Asia,High,88828,Neutral,Neutral,Neutral,0.310894019,0.508398323,0.180707667,30,109,13,19.73684211,71.71052632,8.552631579,Neutral,Neutral,Neutral,0.118399214,0.722335259,0.159265528,9,127,16,5.921052632,83.55263158,10.52631579,Neutral,Neutral,Neutral,0.090960799,0.735759128,0.173280071,8,126,18,5.263157895,82.89473684,11.84210526
Tajikistan,https://en.wikipedia.org/wiki/Tajikistan,Asia,Lower middle,49013,Neutral,Neutral,Neutral,0.352073159,0.529789932,0.118136902,42,97,2,29.78723404,68.79432624,1.418439716,Neutral,Neutral,Neutral,0.183681541,0.719709716,0.096608751,21,115,5,14.89361702,81.56028369,3.546099291,Neutral,Neutral,Neutral,0.171387365,0.733428422,0.095184204,21,114,6,14.89361702,80.85106383,4.255319149
Tanzania,https://en.wikipedia.org/wiki/Tanzania,Africa,Lower middle,74786,Neutral,Neutral,Neutral,0.320675782,0.503606217,0.175718001,40,116,8,24.3902439,70.73170732,4.87804878,Neutral,Neutral,Neutral,0.128039106,0.712288047,0.159672849,18,133,13,10.97560976,81.09756098,7.926829268,Neutral,Neutral,Neutral,0.120114409,0.701054616,0.178830972,22,119,23,13.41463415,72.56097561,14.02439024
Thailand,https://en.wikipedia.org/wiki/Thailand,Asia,Upper middle,92235,Neutral,Neutral,Neutral,0.301665608,0.514995466,0.183338933,42,140,19,20.89552239,69.65174129,9.452736318,Neutral,Neutral,Neutral,0.137360341,0.713134157,0.149505499,20,162,19,9.950248756,80.59701493,9.452736318,Neutral,Neutral,Neutral,0.114287863,0.718709104,0.167003035,16,158,27,7.960199005,78.60696517,13.43283582
The Bahamas,https://en.wikipedia.org/wiki/The_Bahamas,North America,High,47089,Neutral,Neutral,Neutral,0.259336008,0.572299768,0.168364222,16,86,6,14.81481481,79.62962963,5.555555556,Neutral,Neutral,Neutral,0.07880736,0.77684825,0.144344405,4,96,8,3.703703704,88.88888889,7.407407407,Neutral,Neutral,Neutral,0.052027795,0.807155927,0.140816272,3,95,10,2.777777778,87.96296296,9.259259259
The Gambia,https://en.wikipedia.org/wiki/The_Gambia,Africa,Low,45510,Neutral,Neutral,Neutral,0.319130997,0.517278111,0.163590892,29,81,7,24.78632479,69.23076923,5.982905983,Neutral,Neutral,Neutral,0.15390101,0.727411452,0.118687527,13,100,4,11.11111111,85.47008547,3.418803419,Neutral,Neutral,Neutral,0.140436039,0.735635676,0.123928287,16,94,7,13.67521368,80.34188034,5.982905983
Timor-Leste,https://en.wikipedia.org/wiki/Timor-Leste,Asia,Lower middle,54592,Neutral,Neutral,Neutral,0.362229632,0.484838387,0.15293198,26,48,5,32.91139241,60.75949367,6.329113924,Neutral,Neutral,Neutral,0.121805115,0.773714326,0.104480557,6,70,3,7.594936709,88.60759494,3.797468354,Neutral,Neutral,Neutral,0.10288711,0.77470043,0.122412452,6,66,7,7.594936709,83.5443038,8.860759494
Togo,https://en.wikipedia.org/wiki/Togo,Africa,Low,40233,Neutral,Neutral,Neutral,0.350221448,0.49776149,0.152017061,21,64,4,23.59550562,71.91011236,4.494382022,Neutral,Neutral,Neutral,0.128049259,0.758180132,0.113770611,7,77,5,7.865168539,86.51685393,5.617977528,Neutral,Neutral,Neutral,0.116192547,0.763879252,0.119928202,7,76,6,7.865168539,85.39325843,6.741573034
Tonga,https://en.wikipedia.org/wiki/Tonga,Oceania,Upper middle,39053,Neutral,Neutral,Neutral,0.282882651,0.484197747,0.2329196,19,66,15,19,66,15,Neutral,Neutral,Neutral,0.137624345,0.660456989,0.201918664,13,78,9,13,78,9,Neutral,Neutral,Neutral,0.124275758,0.6396773,0.236046947,11,72,17,11,72,17
Trinidad and Tobago,https://en.wikipedia.org/wiki/Trinidad_and_Tobago,North America,High,88721,Neutral,Neutral,Neutral,0.276127419,0.529189577,0.194683008,32,143,26,15.92039801,71.14427861,12.93532338,Neutral,Neutral,Neutral,0.092238631,0.695256579,0.212504784,9,158,34,4.47761194,78.60696517,16.91542289,Neutral,Neutral,Neutral,0.0800272,0.695855141,0.224117655,8,154,39,3.980099502,76.61691542,19.40298507
Tunisia,https://en.wikipedia.org/wiki/Tunisia,Africa,Lower middle,63553,Neutral,Neutral,Neutral,0.286614575,0.509286028,0.204099397,26,105,17,17.56756757,70.94594595,11.48648649,Neutral,Neutral,Neutral,0.107955269,0.72431082,0.167733906,14,116,18,9.459459459,78.37837838,12.16216216,Neutral,Neutral,Neutral,0.095053674,0.712475922,0.192470399,13,109,26,8.783783784,73.64864865,17.56756757
Turkey,https://en.wikipedia.org/wiki/Turkey,Asia,Upper middle,67839,Neutral,Neutral,Neutral,0.280255089,0.476399153,0.243345759,24,74,15,21.23893805,65.48672566,13.27433628,Neutral,Neutral,Neutral,0.098553395,0.689810798,0.211635802,7,86,20,6.194690265,76.10619469,17.69911504,Neutral,Neutral,Neutral,0.083860845,0.695860281,0.220278878,8,85,20,7.079646018,75.22123894,17.69911504
Turkmenistan,https://en.wikipedia.org/wiki/Turkmenistan,Asia,Upper middle,59891,Neutral,Neutral,Neutral,0.329144856,0.534295484,0.136559664,31,88,5,25,70.96774194,4.032258065,Neutral,Neutral,Neutral,0.158075172,0.759015853,0.082908981,15,108,1,12.09677419,87.09677419,0.806451613,Neutral,Neutral,Neutral,0.135589825,0.778122224,0.086287948,14,102,8,11.29032258,82.25806452,6.451612903
Tuvalu,https://en.wikipedia.org/wiki/Tuvalu,Oceania,Upper middle,82180,Neutral,Neutral,Neutral,0.263903159,0.5852374,0.15085943,24,140,5,14.20118343,82.84023669,2.958579882,Neutral,Neutral,Neutral,0.08607693,0.795507435,0.118415634,4,157,8,2.366863905,92.89940828,4.733727811,Neutral,Neutral,Neutral,0.044986074,0.844371592,0.110642331,3,157,9,1.775147929,92.89940828,5.325443787
Uganda,https://en.wikipedia.org/wiki/Uganda,Africa,Low,70623,Neutral,Negative,Negative,0.440201141,0.401180673,0.158618185,66,85,11,40.74074074,52.4691358,6.790123457,Neutral,Neutral,Neutral,0.242600331,0.601477607,0.155922063,38,106,18,23.45679012,65.43209877,11.11111111,Neutral,Neutral,Neutral,0.227887949,0.597077431,0.175034625,37,100,25,22.83950617,61.72839506,15.43209877
Ukraine,https://en.wikipedia.org/wiki/Ukraine,Europe,Upper middle,82169,Neutral,Neutral,Neutral,0.382951316,0.437362087,0.179686598,53,83,22,33.5443038,52.53164557,13.92405063,Neutral,Neutral,Neutral,0.177421899,0.671361309,0.151216791,25,118,15,15.82278481,74.6835443,9.493670886,Neutral,Neutral,Neutral,0.153265429,0.685204526,0.161530047,23,116,19,14.55696203,73.41772152,12.02531646
United Arab Emirates,https://en.wikipedia.org/wiki/United_Arab_Emirates,Asia,High,86217,Neutral,Neutral,Neutral,0.325315267,0.456240108,0.218444625,44,97,28,26.03550296,57.3964497,16.56804734,Neutral,Neutral,Neutral,0.185664715,0.627017196,0.187318081,27,115,27,15.97633136,68.04733728,15.97633136,Neutral,Neutral,Neutral,0.168099228,0.630335859,0.201564915,24,112,33,14.20118343,66.27218935,19.52662722
United Kingdom,https://en.wikipedia.org/wiki/United_Kingdom,Europe,High,94844,Neutral,Neutral,Neutral,0.212704531,0.527029628,0.260265849,18,123,27,10.71428571,73.21428571,16.07142857,Neutral,Neutral,Neutral,0.046130053,0.697971121,0.255898822,3,136,29,1.785714286,80.95238095,17.26190476,Neutral,Neutral,Neutral,0.01988598,0.671595379,0.308518649,1,126,41,0.595238095,75,24.4047619
United States,https://en.wikipedia.org/wiki/United_States,North America,High,88102,Neutral,Neutral,Neutral,0.236518017,0.52134661,0.24213537,18,112,24,11.68831169,72.72727273,15.58441558,Neutral,Neutral,Neutral,0.071247406,0.662721638,0.266030951,7,115,32,4.545454545,74.67532468,20.77922078,Neutral,Neutral,Neutral,0.047287415,0.648036318,0.304676267,5,111,38,3.246753247,72.07792208,24.67532468
Uruguay,https://en.wikipedia.org/wiki/Uruguay,South America,High,57882,Neutral,Neutral,Neutral,0.286768174,0.500567301,0.212664521,18,84,13,15.65217391,73.04347826,11.30434783,Neutral,Neutral,Neutral,0.075132089,0.713428975,0.211438936,4,99,12,3.47826087,86.08695652,10.43478261,Neutral,Neutral,Neutral,0.06611425,0.691828443,0.242057303,5,88,22,4.347826087,76.52173913,19.13043478
Uzbekistan,https://en.wikipedia.org/wiki/Uzbekistan,Asia,Lower middle,66094,Neutral,Neutral,Neutral,0.311639563,0.494654475,0.193705959,41,111,20,23.8372093,64.53488372,11.62790698,Neutral,Neutral,Neutral,0.15833034,0.67222968,0.169439986,25,131,16,14.53488372,76.1627907,9.302325581,Neutral,Neutral,Neutral,0.130063426,0.674327278,0.195609304,20,125,27,11.62790698,72.6744186,15.69767442
Vanuatu,https://en.wikipedia.org/wiki/Vanuatu,Oceania,Lower middle,59878,Neutral,Neutral,Neutral,0.385613824,0.46970599,0.144680183,40,76,5,33.05785124,62.80991736,4.132231405,Neutral,Neutral,Neutral,0.172034309,0.714492693,0.113472992,14,100,7,11.57024793,82.6446281,5.785123967,Neutral,Neutral,Neutral,0.153171982,0.714571123,0.132256898,15,96,10,12.39669421,79.33884298,8.26446281
Venezuela,https://en.wikipedia.org/wiki/Venezuela,South America,Lower middle,90783,Neutral,Neutral,Neutral,0.348416243,0.457464128,0.194119625,62,117,27,30.09708738,56.7961165,13.10679612,Neutral,Neutral,Neutral,0.204639264,0.632493087,0.16286765,42,140,24,20.38834951,67.96116505,11.65048544,Neutral,Neutral,Neutral,0.192680986,0.630690394,0.176628615,39,138,29,18.93203883,66.99029126,14.0776699
Vietnam,https://en.wikipedia.org/wiki/Vietnam,Asia,Lower middle,87390,Neutral,Neutral,Neutral,0.354494572,0.449055335,0.196450091,29,55,9,31.1827957,59.13978495,9.677419355,Neutral,Neutral,Neutral,0.111307949,0.696050446,0.192641609,8,74,11,8.602150538,79.56989247,11.82795699,Neutral,Neutral,Neutral,0.099852498,0.690910714,0.209236793,8,69,16,8.602150538,74.19354839,17.20430108
Yemen,https://en.wikipedia.org/wiki/Yemen,Asia,Low,78378,Neutral,Negative,Neutral,0.416445388,0.435089675,0.148464938,61,83,9,39.86928105,54.24836601,5.882352941,Neutral,Neutral,Neutral,0.2430233,0.656572097,0.100404607,34,111,8,22.22222222,72.54901961,5.22875817,Neutral,Neutral,Neutral,0.208940949,0.685003691,0.10605536,25,116,12,16.33986928,75.81699346,7.843137255
Zambia,https://en.wikipedia.org/wiki/Zambia,Africa,Lower middle,64681,Neutral,Neutral,Neutral,0.289439603,0.520997145,0.189563245,34,99,18,22.51655629,65.56291391,11.9205298,Neutral,Neutral,Neutral,0.12226723,0.723755162,0.153977606,17,123,11,11.25827815,81.45695364,7.284768212,Neutral,Neutral,Neutral,0.089665114,0.720037186,0.190297693,15,118,18,9.933774834,78.14569536,11.9205298
Zimbabwe,https://en.wikipedia.org/wiki/Zimbabwe,Africa,Lower middle,82075,Neutral,Neutral,Neutral,0.421459945,0.428966943,0.149573112,48,84,13,33.10344828,57.93103448,8.965517241,Neutral,Neutral,Neutral,0.220869855,0.651375927,0.127754221,25,106,14,17.24137931,73.10344828,9.655172414,Neutral,Neutral,Neutral,0.219467617,0.63544175,0.145090627,27,100,18,18.62068966,68.96551724,12.4137931
